point_index,node_count,data_replicas,trial,status,success_tps,error_rate_percent,timeout_fraction,forward_error_fraction,consensus_error_fraction,forward_hop_ratio,generator_to_service_cpu_ratio,benchmark_json,scorecard_json
1,3,3,1,PASS,64.31,17.0519,0.3797513746115228,0.7575902462347598,0.24240975376524027,0.46262699999999995,0.022,reports/benchmarks/aws/e2e_http_incluster_k6_latest.json,reports/benchmarks/aws/e54_write_gate_sweep_n3_5_7_v4_runs/point_1_n3_r3/trial_1/write_gate_scorecard.json
1,3,3,2,PASS,236.32,3.5114,0.4020586721564591,0.7084920226453937,0.29150797735460626,0.405364,0.120,reports/benchmarks/aws/e2e_http_incluster_k6_latest.json,reports/benchmarks/aws/e54_write_gate_sweep_n3_5_7_v4_runs/point_1_n3_r3/trial_2/write_gate_scorecard.json
1,3,3,median,PASS,150.315,10.281649999999999,0.3909050233839909,0.7330411344400767,0.26695886555992326,0.4339955,0.071,,
2,5,5,1,PASS,28.48,48.0640,0.9289617486338798,0.5122444849220805,0.4877555150779195,0.5395492,0.027,reports/benchmarks/aws/e2e_http_incluster_k6_latest.json,reports/benchmarks/aws/e54_write_gate_sweep_n3_5_7_v4_runs/point_2_n5_r5/trial_1/write_gate_scorecard.json
2,5,5,2,PASS,32.12,67.2782,0.44809094809094807,0.6587301587301587,0.3412698412698413,0.6199158,0.047,reports/benchmarks/aws/e2e_http_incluster_k6_latest.json,reports/benchmarks/aws/e54_write_gate_sweep_n3_5_7_v4_runs/point_2_n5_r5/trial_2/write_gate_scorecard.json
2,5,5,median,PASS,30.299999999999997,57.671099999999996,0.688526348362414,0.5854873218261196,0.4145126781738804,0.5797325,0.037,,
3,7,7,1,PASS,144.01,24.3219,0.5973333333333334,0.5409855072463768,0.4590144927536232,0.6210534285714286,0.042,reports/benchmarks/aws/e2e_http_incluster_k6_latest.json,reports/benchmarks/aws/e54_write_gate_sweep_n3_5_7_v4_runs/point_3_n7_r7/trial_1/write_gate_scorecard.json
3,7,7,2,PASS,446.29,21.9926,0.3045642290434731,0.772100555671114,0.22789944432888598,0.6547727142857143,0.076,reports/benchmarks/aws/e2e_http_incluster_k6_latest.json,reports/benchmarks/aws/e54_write_gate_sweep_n3_5_7_v4_runs/point_3_n7_r7/trial_2/write_gate_scorecard.json
3,7,7,median,PASS,295.15,23.157249999999998,0.4509487811884032,0.6565430314587455,0.3434569685412546,0.6379130714285715,0.059,,
